Sample,,,,,,,IS_SPARTEINE Results,,NALOXONE HYDROCHLORIDE Results,,FENSPIRIDE HYDROCHLORIDE Results,,PIDOTIMOD Results,,TINIDAZOLE Results,,ROXATIDINE ACETATE HYDROCHLORIDE Results,,IS_EMETINE Results,,FAMCICLOVIR Results,,IS_CAFFEINE Results,,IS_YOHIMBINE Results,,IS_SULFAMETHOXAZOLE Results,,DIACETAMATE Results,,IS_EYTHROMYCINE Results,,VILAZODONE HYDROCHLORIDE Results,,PHENAZOPYRIDINE HYDROCHLORIDE Results,,DILTIAZEM HYDROCHLORIDE Results,,PERICIAZINE Results,,PANTOPRAZOLE Results,,FLUOXETINE Results,,ENTACAPONE Results,,METAXALONE Results,,MEBENDAZOLE Results,,RILUZOLE Results,,CETIRIZINE HYDROCHLORIDE Results,,QUINAPRIL HYDROCHLORIDE Results,,FAMPROFAZONE Results,,BISACODYL Results,,TELMISARTAN Results,,GRISEOFULVIN Results,,IS_MIFEPRISTONE Results,,BICALUTAMIDE Results,,IRBESARTAN Results,,DEFLAZACORT Results,,ARTEMISININ Results,,SULFASALAZINE Results,,NITRENDIPINE Results,,DIFLORASONE DIACETATE Results,,RACECADOTRIL Results,,LEVONORGESTREL Results,,ETODOLAC Results,,PACLITAXEL Results,,CYPROTERONE ACETATE Results,,NORETHINDRONE ACETATE Results,,DANAZOL Results,,IS_IPRIFLAVONE Results,
,,Name,Data File,Type,Level,Acq. Date-Time,RT,Area,RT,Area,RT,Area,RT,Area,RT,Area,RT,Area,RT,Area,RT,Area,RT,Area,RT,Area,RT,Area,RT,Area,RT,Area,RT,Area,RT,Area,RT,Area,RT,Area,RT,Area,RT,Area,RT,Area,RT,Area,RT,Area,RT,Area,RT,Area,RT,Area,RT,Area,RT,Area,RT,Area,RT,Area,RT,Area,RT,Area,RT,Area,RT,Area,RT,Area,RT,Area,RT,Area,RT,Area,RT,Area,RT,Area,RT,Area,RT,Area,RT,Area,RT,Area,RT,Area,RT,Area
,!,MZ009F-4Pool-P6-R01-T24,MZ009F-4Pool-P6-R01-T24.d,Sample,,2/22/2018 12:09 PM,1.021,2087974,1.188,1866619,1.188,2473254,1.300,82520,1.658,324998,1.792,138299,1.602,2264246,1.949,3062918,1.983,415592,1.960,2619705,2.195,1162523,2.273,4506,2.441,1083417,2.564,670556,2.531,801476,2.788,7808999,2.810,4118097,3.045,1496981,3.090,973069,3.470,33091,3.437,1202102,3.538,2123569,3.538,1319577,3.549,2690486,3.515,4426743,3.571,4773161,4.108,319,3.694,5043217,3.750,5908660,3.761,1482716,3.907,228278,4.007,11551484,4.097,6043901,4.343,2963,4.276,1098,4.276,186127,4.298,4194542,4.321,316064,4.365,5438151,4.399,898299,4.511,61872,4.533,3189205,4.600,2447038,4.869,188193,4.701,3235708
,!,MZ009F-4Pool-P6-R03-T24,MZ009F-4Pool-P6-R03-T24.d,Sample,,2/22/2018 12:15 PM,1.040,1442890,1.174,2079556,1.174,2430174,1.286,82109,1.644,426259,1.790,197787,1.588,2538775,1.946,3051843,1.969,428139,1.957,2990065,2.181,850994,2.304,845,2.450,1016618,2.550,1460642,2.539,965634,2.785,7088344,2.796,4271609,3.054,1307138,3.098,1161367,3.456,52065,3.423,1235859,3.524,2302490,3.546,1201605,3.546,3039413,3.524,4241896,3.613,5093749,3.759,554,3.703,5343539,3.759,5169822,3.781,2274616,3.893,230538,4.005,10059029,4.083,5385627,4.340,5403,4.273,1357,4.262,297441,4.284,4050318,4.318,414918,4.351,5348280,4.385,855792,4.508,67202,4.519,3568616,4.598,2916634,4.866,269233,4.698,4157123
,!,MZ009F-4Pool-P6-R05-T24,MZ009F-4Pool-P6-R05-T24.d,Sample,,2/22/2018 12:22 PM,1.033,1061576,1.189,1903047,1.189,2244546,1.301,86265,1.659,379955,1.793,160207,1.603,2597729,1.950,2868595,1.984,486210,1.961,3106700,2.185,1431907,2.274,4345,2.442,940506,2.565,1561655,2.543,896585,2.789,6118650,2.811,3894630,3.046,1153262,3.091,1134325,3.460,33892,3.438,1124937,3.538,2064954,3.538,1045375,3.550,2731159,3.516,4087576,3.583,4033896,3.930,494,3.695,5152896,3.762,4385325,3.762,2304484,3.908,189053,4.008,9067068,4.087,4791190,4.333,1934,4.355,842,4.277,280401,4.288,3500789,4.322,331834,4.355,4591217,4.400,766018,4.501,62064,4.523,3184150,4.590,2606879,4.870,194334,4.702,4095023
,!,MZ009F-4Pool-P6-R07-T24,MZ009F-4Pool-P6-R07-T24.d,Sample,,2/22/2018 12:28 PM,1.042,1159878,1.177,2052021,1.177,2435557,1.277,90059,1.647,423383,1.792,234130,1.591,2482855,1.949,3055458,1.971,419284,1.960,2863828,2.184,842048,2.307,5018,2.441,1000905,2.553,1537020,2.530,953697,2.788,7151098,2.799,4287304,3.056,1358028,3.101,1155320,3.459,41471,3.425,1277036,3.526,2241709,3.548,1200775,3.548,2995663,3.526,4236976,3.604,5159328,3.638,433,3.694,5456114,3.750,5249442,3.783,2434869,3.895,213746,4.007,9814681,4.085,5132184,4.331,4361,4.253,1839,4.264,324051,4.287,3930699,4.320,433104,4.354,5278250,4.387,844607,4.499,63736,4.522,3731909,4.589,3153761,4.868,280668,4.701,4425434
,!,MZ009F-4Pool-P6-R09-T24,MZ009F-4Pool-P6-R09-T24.d,Sample,,2/22/2018 12:35 PM,1.032,1049618,1.177,2073961,1.177,2372537,1.289,84189,1.658,422931,1.781,218766,1.602,2387305,1.949,2828330,1.983,403488,1.960,2664484,2.195,1157171,2.329,4098,2.441,1015838,2.564,1379951,2.542,922780,2.788,6812609,2.810,4155060,3.045,1252480,3.101,1124092,3.459,55371,3.437,1161421,3.538,2182074,3.538,1148512,3.549,2864570,3.515,4390553,3.582,4631872,3.650,1403,3.694,5466074,3.761,4966418,3.773,2274982,3.907,210531,4.008,9916984,4.097,4962736,4.332,3372,4.276,1516,4.276,340080,4.287,3792907,4.321,456822,4.366,5159951,4.399,832448,4.500,65864,4.522,3616813,4.589,3134979,4.869,177904,4.701,4261254
,!,MZ009F-4Pool-P6-R11-T24,MZ009F-4Pool-P6-R11-T24.d,Sample,,2/22/2018 12:41 PM,1.031,1185383,1.165,2080719,1.165,2450962,1.277,87478,1.646,364918,1.780,178516,1.590,2587650,1.948,3114062,1.970,433133,1.959,3039118,2.183,876381,2.272,2437,2.440,958946,2.552,1591423,2.541,979448,2.787,6971146,2.798,4197648,3.056,1320940,3.100,1161605,3.458,46142,3.425,1199567,3.525,2233572,3.548,1168578,3.548,3015691,3.525,4225631,3.604,4872648,4.118,501,3.704,5327341,3.749,5048599,3.783,2475335,3.895,217328,4.007,8831155,4.096,4224189,4.331,5036,4.286,1132,4.264,297723,4.286,3850882,4.320,354370,4.353,5045705,4.387,825014,4.510,65243,4.521,3651631,4.588,3047369,4.868,229901,4.700,4213611
,!,MZ009F-4Pool-P6-R13-T24,MZ009F-4Pool-P6-R13-T24.d,Sample,,2/22/2018 12:48 PM,1.031,1091301,1.177,2171302,1.177,2462452,1.289,84503,1.658,366789,1.792,184569,1.602,2445264,1.949,3015996,1.982,424433,1.960,2821935,2.195,1227204,2.329,1975,2.441,988490,2.564,1470960,2.542,994407,2.788,6884218,2.810,4131634,3.045,1347260,3.101,1165103,3.470,39574,3.436,1167858,3.548,2131779,3.537,1161299,3.548,2770863,3.526,4318699,3.582,4652194,3.918,1244,3.694,5360147,3.761,4974201,3.761,2185080,3.895,201750,3.996,10321722,4.085,5373801,4.343,5814,4.253,477,4.275,324156,4.287,3877934,4.320,396296,4.354,5114572,4.399,838626,4.499,64080,4.522,3693925,4.589,3092709,4.868,350721,4.701,4259785
!,!,MZ009F-4Pool-P6-R15-T24,MZ009F-4Pool-P6-R15-T24.d,Sample,,2/22/2018 12:54 PM,1.030,1504352,1.176,2197746,1.176,2673566,1.276,90827,1.645,360600,1.791,140740,1.589,2448003,1.947,3326502,1.970,410251,1.959,2851911,2.182,817272,2.317,3466,2.440,991235,2.552,1428464,2.540,981856,2.787,7538479,2.798,4453011,3.055,1417964,3.089,1240768,3.458,40115,3.424,1230108,3.525,2202588,3.547,1269959,3.547,2902038,3.525,4192177,3.614,5358658,3.939,785,3.704,5271003,3.749,5412709,3.782,2129055,3.894,234526,4.006,11142755,4.084,6112602,,,4.286,963,4.263,338635,4.286,4215009,4.319,354933,4.353,5554725,4.386,902462,4.509,71068,4.521,3951871,4.588,3315571,4.867,103721,4.700,4168321
,!,MZ009F-4Pool-P6-R02-T24,MZ009F-4Pool-P6-R02-T24.d,Sample,,2/22/2018 1:00 PM,1.030,1520264,1.187,1902610,1.176,2386684,1.288,78986,1.657,409413,1.791,200324,1.601,2349867,1.948,2870670,1.981,404053,1.959,2707774,2.194,1174743,2.317,2885,2.440,1056907,2.563,1279678,2.541,902138,2.787,6790984,2.809,4078148,3.044,1278380,3.100,1097955,3.469,41020,3.436,1167525,3.536,2033843,3.536,1161722,3.548,2756324,3.525,4330897,3.581,4371686,3.603,819,3.693,5357441,3.760,4997898,3.760,1998616,3.894,207308,3.995,9958748,4.096,4843721,4.342,4669,4.275,1185,4.275,327564,4.286,3742880,4.319,396604,4.364,5062929,4.398,851009,4.510,63665,4.532,3590293,4.588,2959219,4.868,343913,4.700,3771906
,!,MZ009F-4Pool-P6-R04-T24,MZ009F-4Pool-P6-R04-T24.d,Sample,,2/22/2018 1:07 PM,1.042,1260036,1.176,2019922,1.176,2376988,1.288,87488,1.646,394730,1.780,184994,1.590,2570737,1.948,2962734,1.971,444865,1.959,3115485,2.183,924362,2.317,2967,2.440,986839,2.552,1652509,2.541,912501,2.787,6662382,2.798,4060676,3.056,1210079,3.100,1165299,3.458,39448,3.425,1221659,3.525,2172303,3.548,1112827,3.548,2933182,3.525,4088868,3.615,4632622,3.660,754,3.704,5309049,3.749,4761326,3.783,2251184,3.895,204655,4.007,8198539,4.096,4151633,4.331,6502,4.264,951,4.264,324201,4.286,3654263,4.320,369501,4.353,4725745,4.387,779255,4.499,59665,4.521,3525334,4.588,3004107,4.868,590040,4.700,4119884
,!,MZ009F-4Pool-P6-R06-T24,MZ009F-4Pool-P6-R06-T24.d,Sample,,2/22/2018 1:13 PM,1.031,1062411,1.177,1943991,1.177,2221578,1.289,68370,1.658,469730,1.792,328188,1.602,2347472,1.949,2581994,1.982,373970,1.960,2529878,2.195,1096853,2.486,2977,2.441,1106925,2.564,1315319,2.542,850831,2.788,6465298,2.810,3899332,3.045,1189146,3.101,1058716,3.470,50614,3.437,1180846,3.537,2121858,3.537,1106074,3.548,2923405,3.526,4405625,3.582,4472257,3.649,698,3.694,5540474,3.761,4756192,3.772,2367614,3.906,188237,4.007,9322103,4.097,4456161,4.332,7793,4.287,935,4.276,354874,4.287,3566562,4.320,530990,4.365,4733931,4.399,790636,4.499,61333,4.533,3418776,4.600,2986078,4.869,504082,4.701,4275508
,!,MZ009F-4Pool-P6-R08-T24,MZ009F-4Pool-P6-R08-T24.d,Sample,,2/22/2018 1:20 PM,1.042,1110694,1.176,2028732,1.176,2336191,1.277,82377,1.646,422427,1.780,192095,1.590,2471169,1.948,2895714,1.970,422830,1.959,2914518,2.183,906533,2.474,3843,2.440,1001993,2.552,1522198,2.541,934307,2.787,6625128,2.798,4054478,3.055,1205096,3.100,1162158,3.458,43527,3.424,1276342,3.525,2197212,3.548,1125768,3.548,3004245,3.525,4187619,3.615,4804345,3.469,466,3.693,5354892,3.749,4968349,3.782,2411541,3.894,201414,4.006,8229522,4.084,3990382,4.331,9199,4.275,1214,4.263,331364,4.286,3550240,4.319,381200,4.353,4721750,4.387,785582,4.498,60677,4.521,3456690,4.588,2969706,4.868,591566,4.700,4238895
,!,MZ009F-4Pool-P6-R10-T24,MZ009F-4Pool-P6-R10-T24.d,Sample,,2/22/2018 1:26 PM,1.053,1086742,1.187,1973058,1.187,2407937,1.299,87004,1.657,432398,1.791,201203,1.612,2507042,1.948,2691197,1.982,435398,1.959,2910264,2.194,1251912,2.317,1957,2.451,1013418,2.563,1436720,2.541,940502,2.798,2004848,2.809,4306388,3.044,1266853,3.100,1133061,3.469,50762,3.436,1182421,3.548,2111626,3.537,1128442,3.548,2807486,3.525,4381477,3.581,4596199,3.604,1014,3.693,5538252,3.760,4731628,3.771,2349468,3.906,201669,4.006,9585949,4.096,4170788,4.331,6302,4.297,1336,4.275,328807,4.297,3443309,4.320,284641,4.364,4942093,4.398,820792,4.510,61210,4.532,3540586,4.599,3004524,4.868,434793,4.711,4274023
,!,MZ009F-4Pool-P6-R12-T24,MZ009F-4Pool-P6-R12-T24.d,Sample,,2/22/2018 1:33 PM,1.031,1271993,1.165,2073413,1.165,2458695,1.277,87069,1.646,416273,1.781,200668,1.591,2586992,1.948,2927730,1.971,425137,1.960,3029883,2.183,897997,2.318,5850,2.441,1013347,2.553,1432177,2.530,935077,2.788,6857314,2.799,4133816,3.045,1248297,3.090,1114394,3.459,46500,3.425,1263449,3.526,2218811,3.548,1164587,3.548,3018382,3.526,4273554,3.615,4869157,3.716,576,3.705,5298209,3.750,5024188,3.783,2510924,3.895,210227,4.007,8508651,4.096,4176203,4.331,5906,4.287,1136,4.264,323530,4.287,3742760,4.320,418609,4.354,5072567,4.387,820118,4.499,62317,4.521,3570952,4.589,3088769,4.868,319658,4.700,4245446
,!,MZ009F-4Pool-P6-R14-T24,MZ009F-4Pool-P6-R14-T24.d,Sample,,2/22/2018 1:39 PM,1.054,1081746,1.188,2113976,1.188,2462341,1.300,94382,1.658,404741,1.792,167713,1.602,2589724,1.949,3021409,1.983,444617,1.960,3043903,2.195,1335097,2.486,2353,2.441,917847,2.564,1642579,2.542,975153,2.788,6893980,2.810,4201997,3.045,1280372,3.101,1137740,3.470,43627,3.437,1135106,3.538,2102237,3.538,1135809,3.549,2795590,3.515,4322343,3.582,4660245,3.661,327,3.694,5348102,3.750,4898877,3.761,2304171,3.896,207859,3.996,9791599,4.097,4555031,4.332,5245,4.276,1899,4.265,325120,4.287,3734910,4.321,401407,4.365,5110687,4.399,824978,4.500,63647,4.533,3637003,4.600,3160753,4.869,255762,4.701,4378706
,!,MZ009F-4Pool-P6-R16-T24,MZ009F-4Pool-P6-R16-T24.d,Sample,,2/22/2018 1:46 PM,1.033,1187602,1.178,2004801,1.178,2405871,1.268,87181,1.648,350222,1.782,128526,1.592,2176700,1.950,2998780,1.961,399977,1.950,2845938,2.185,805478,2.487,2615,2.442,1012585,2.554,1452776,2.532,888912,2.778,6936467,2.800,4154348,3.046,1329371,3.091,1207250,3.460,51739,3.427,1227498,3.527,2264929,3.538,1208316,3.550,2880516,3.527,4113003,3.606,5063083,3.729,753,3.706,5486842,3.751,5170153,3.785,2429696,3.896,240695,4.008,10084993,4.087,5380567,4.333,2870,4.277,1390,4.266,391984,4.288,4026973,4.322,366922,4.355,5499528,4.389,908823,4.501,68394,4.523,4355968,4.590,3892787,4.870,194748,4.702,5503562
,!,MZ009F-4Pool-P6-C01-T24,MZ009F-4Pool-P6-C01-T24.d,Sample,,2/22/2018 1:52 PM,1.042,1008097,1.187,2085680,1.187,2465648,1.299,93127,1.657,440210,1.792,234228,1.601,2563723,1.948,3011539,1.982,427134,1.959,2909101,2.194,1224567,2.328,1984,2.440,948380,2.563,1655457,2.541,1032325,2.787,6904187,2.810,4270902,3.044,1289496,3.100,1131937,3.470,51989,3.436,1112154,3.537,2091267,3.537,1145440,3.548,2653192,3.525,4170004,3.581,4396097,3.615,622,3.693,5123300,3.760,4979587,3.760,2166593,3.906,200554,3.995,9913375,4.096,5149442,4.331,4606,4.264,1466,4.275,334168,4.286,3627727,4.320,505992,4.365,4956905,4.398,801286,4.510,62335,4.532,3449784,4.599,3035555,4.868,410761,4.711,4067856
,!,MZ009F-4Pool-P6-C02-T24,MZ009F-4Pool-P6-C02-T24.d,Sample,,2/22/2018 1:58 PM,1.043,1034373,1.177,2038232,1.177,2302246,1.278,96231,1.647,460757,1.781,249042,1.591,2571323,1.949,2902783,1.971,457739,1.960,3148791,2.184,959432,2.307,1419,2.441,947954,2.553,1504003,2.531,981597,2.788,6428040,2.799,3923718,3.045,1172630,3.090,1129356,3.459,44946,3.437,1178804,3.526,2129860,3.549,1082419,3.549,2881604,3.526,3996526,3.605,4458851,3.661,685,3.694,5051694,3.750,4611835,3.773,2248356,3.896,195558,4.007,8175315,4.086,4171303,4.332,10426,4.242,1480,4.265,318062,4.287,3483272,4.321,468149,4.354,4578475,4.388,740671,4.500,58578,4.522,3173301,4.589,2772317,4.869,649673,4.701,3773995
,!,MZ009F-4Pool-P6-C03-T24,MZ009F-4Pool-P6-C03-T24.d,Sample,,2/22/2018 2:05 PM,1.042,1037790,1.187,1960524,1.187,2274625,1.288,90084,1.657,495083,1.791,323294,1.612,2325208,1.948,2870030,1.981,435876,1.959,2823196,2.194,1289574,2.485,3234,2.451,961364,2.563,1307091,2.541,992567,2.798,6317290,2.809,3848980,3.044,1177787,3.100,1074349,3.469,42903,3.436,1193198,3.548,2055000,3.548,1086268,3.548,2871680,3.525,4243299,3.581,4232863,3.659,823,3.693,5297268,3.760,4585739,3.771,2212110,3.906,180646,4.006,8661153,4.096,4006196,4.331,12172,4.275,915,4.275,309681,4.297,3367789,4.319,535327,4.364,4526059,4.398,736871,4.510,57095,4.532,3012433,4.599,2634622,4.868,806612,4.711,3509851
,!,MZ009F-4Pool-P6-C04-T24,MZ009F-4Pool-P6-C04-T24.d,Sample,,2/22/2018 2:11 PM,1.029,1129113,1.175,2039049,1.164,2447953,1.275,93979,1.645,533432,1.790,379990,1.589,2588751,1.947,2924290,1.969,436124,1.958,2948451,2.182,918940,2.305,3295,2.439,1023830,2.551,1455542,2.540,1008592,2.786,6681164,2.797,4074926,3.054,1159327,3.099,1122557,3.457,63856,3.434,1204981,3.535,2139579,3.546,1147230,3.546,2910984,3.535,4094903,3.613,4761724,3.927,1183,3.692,5325456,3.748,4939224,3.781,2409725,3.893,203133,4.005,8317067,4.083,4081524,4.329,8498,4.273,1167,4.262,343518,4.285,3640197,4.318,615378,4.352,4917952,4.385,792694,4.508,61836,4.520,3378762,4.587,3008896,4.866,649805,4.699,4032621
,!,MZ009F-4Pool-P6-C05-T24,MZ009F-4Pool-P6-C05-T24.d,Sample,,2/22/2018 2:18 PM,1.052,1026989,1.186,2080657,1.186,2416559,1.287,97152,1.656,498908,1.790,360302,1.611,2599592,1.947,2998079,1.981,444910,1.958,3035909,2.193,1312422,2.316,2953,2.450,941026,2.562,1554171,2.540,1067564,2.786,6776030,2.808,4173263,3.043,1212891,3.099,1136273,3.468,52906,3.435,1172618,3.547,2058592,3.547,1067514,3.547,2788921,3.524,4224915,3.580,4370950,3.726,726,3.692,5480961,3.759,4739812,3.770,2412398,3.905,195374,4.005,9462868,4.095,4369342,4.341,6977,4.274,2097,4.274,349202,4.296,3609872,4.330,594401,4.363,4853800,4.397,787706,4.509,65090,4.531,3349040,4.598,3015811,4.867,563123,4.710,4143478
,!,MZ009F-4Pool-P6-C06-T24,MZ009F-4Pool-P6-C06-T24.d,Sample,,2/22/2018 2:24 PM,1.030,1020249,1.164,2006599,1.164,2303017,1.276,96581,1.645,473131,1.780,277988,1.589,2608630,1.947,2621322,1.970,456165,1.959,3112694,2.182,934837,2.473,2354,2.440,981307,2.552,1495335,2.529,1002583,2.786,1436003,2.798,4188826,3.055,1150980,3.088,1162660,3.458,59954,3.424,1168568,3.525,2165372,3.547,1125966,3.547,3009502,3.525,4184654,3.614,4647752,3.961,906,3.704,5337603,3.749,4675088,3.782,2423860,3.894,199297,4.006,8193312,4.095,3707211,4.330,5489,4.274,1072,4.263,341651,4.285,3264391,4.319,327363,4.353,4707685,4.386,762273,4.509,58899,4.520,3291234,4.588,2983184,4.867,515763,4.699,3952022
,!,MZ009F-4Pool-P6-C07-T24,MZ009F-4Pool-P6-C07-T24.d,Sample,,2/22/2018 2:31 PM,1.043,999490,1.178,2021657,1.178,2341972,1.290,83574,1.659,495088,1.793,327330,1.614,2422762,1.950,2799845,1.972,432919,1.961,2802179,2.196,1276482,2.487,2666,2.442,979779,2.565,1453528,2.543,973342,2.789,6460737,2.811,3965982,3.046,1205980,3.102,1109552,3.471,47079,3.437,1177308,3.538,2039737,3.538,1097225,3.549,2748956,3.527,4218987,3.583,4354581,3.650,393,3.695,5210008,3.751,4632056,3.762,2269151,3.907,194924,3.997,9300912,4.098,4606984,4.344,7122,4.265,1197,4.277,315315,4.288,3537194,4.321,558844,4.366,4785946,4.400,784505,4.511,59040,4.534,3349636,4.601,2926178,4.869,509878,4.713,3929532
,!,MZ009F-4Pool-P6-C08-T24,MZ009F-4Pool-P6-C08-T24.d,Sample,,2/22/2018 2:37 PM,1.031,1144955,1.176,2106810,1.176,2480608,1.277,93502,1.646,489326,1.781,281898,1.590,2532286,1.948,2994026,1.971,417220,1.960,2875881,2.183,872232,2.474,3575,2.441,975072,2.552,1505781,2.530,1059994,2.787,6899839,2.799,4150247,3.045,1274959,3.089,1199992,3.459,59468,3.436,1222374,3.526,2184881,3.548,1163123,3.548,2969119,3.526,4174464,3.615,4870013,3.738,970,3.705,5039922,3.749,5001230,3.783,2385042,3.895,220830,4.007,9775506,4.085,5334615,4.331,2382,4.286,1985,4.264,355072,4.286,3755488,4.320,546129,4.353,5115848,4.387,839130,4.510,66382,4.521,3512726,4.600,3179949,4.868,244718,4.700,4130912
,!,MZ009F-4Pool-P6-C09-T24,MZ009F-4Pool-P6-C09-T24.d,Sample,,2/22/2018 2:44 PM,1.031,985152,1.177,2081195,1.177,2401871,1.278,91929,1.658,522283,1.792,405022,1.602,2519315,1.949,2896820,1.982,427672,1.960,2804045,2.195,1178908,2.486,2498,2.452,992729,2.564,1555120,2.542,1077646,2.788,6834513,2.810,4228871,3.045,1282193,3.101,1156887,3.481,67081,3.437,1149072,3.537,2089206,3.537,1146078,3.549,2765691,3.526,4286351,3.582,4395654,3.716,1071,3.694,5384982,3.761,4949301,3.761,2231020,3.895,211880,3.996,10096753,4.086,5201828,4.332,5452,4.276,1532,4.276,374439,4.287,3713255,4.320,645080,4.354,5227830,4.399,828312,4.499,63995,4.522,3642055,4.589,3292410,4.869,487083,4.701,4234059
,!,MZ009F-4Pool-P6-C10-T24,MZ009F-4Pool-P6-C10-T24.d,Sample,,2/22/2018 2:50 PM,1.030,1071389,1.165,1988287,1.165,2296668,1.265,89023,1.646,485240,1.780,313845,1.590,2517699,1.948,2878183,1.970,444995,1.959,3048268,2.183,945274,2.317,4827,2.440,961691,2.552,1495441,2.529,1033516,2.787,6336674,2.798,3877783,3.055,1152391,3.100,1146742,3.458,51041,3.436,1176714,3.525,2104464,3.547,1078082,3.547,2902036,3.525,4011187,3.603,4497870,3.637,728,3.693,5144137,3.749,4546929,3.782,2247530,3.894,191111,4.006,8545236,4.084,4535408,4.331,11875,4.286,629,4.263,330589,4.286,3499789,4.319,538424,4.353,4623464,4.387,767252,4.498,58038,4.521,3244679,4.588,2923254,4.868,674167,4.700,3901207
,!,MZ009F-4Pool-P6-C11-T24,MZ009F-4Pool-P6-C11-T24.d,Sample,,2/22/2018 2:56 PM,1.033,1009984,1.178,2063550,1.178,2364731,1.290,86278,1.659,498398,1.793,349760,1.603,2561593,1.950,2891671,1.983,447581,1.961,2978451,2.196,1266304,2.487,3054,2.442,950372,2.565,1465438,2.543,1062394,2.789,6501510,2.811,3976665,3.046,1168343,3.102,1108413,3.460,58263,3.438,1124130,3.538,2090250,3.538,1045899,3.550,2737592,3.527,4134224,3.583,4212876,3.729,1011,3.695,5219090,3.762,4633870,3.762,2368978,3.896,187052,3.997,9021855,4.098,4122841,4.333,9252,4.333,682,4.266,239801,4.288,3481209,4.322,605339,4.355,4760291,4.389,780701,4.501,59917,4.523,3332496,4.590,3021071,4.870,633883,4.702,4204152
,!,MZ009F-4Pool-P6-C12-T24,MZ009F-4Pool-P6-C12-T24.d,Sample,,2/22/2018 3:03 PM,1.031,1071125,1.166,2069283,1.166,2406895,1.278,97461,1.647,496666,1.781,378748,1.591,2616725,1.949,2943166,1.960,459381,1.960,3138878,2.184,938548,2.475,1423,2.441,912365,2.553,1575479,2.530,1088626,2.788,6590387,2.799,4050410,3.045,1146596,3.090,1195882,3.459,57077,3.425,1182884,3.526,2159506,3.537,1131578,3.548,2909518,3.526,4083573,3.604,4774049,3.727,1358,3.705,5288155,3.750,4822569,3.783,2353763,3.895,208344,4.007,8225599,4.097,4125960,4.332,8640,4.276,1367,4.264,338751,4.287,3670731,4.320,624472,4.354,4893351,4.387,784904,4.499,58855,4.522,3403649,4.589,3121371,4.869,585132,4.701,4148165
,!,MZ009F-4Pool-P6-C13-T24,MZ009F-4Pool-P6-C13-T24.d,Sample,,2/22/2018 3:09 PM,1.041,961566,1.187,2000359,1.176,2312802,1.288,93860,1.657,503005,1.791,472739,1.612,2250282,1.948,2869327,1.981,428493,1.959,2940716,2.194,1237482,2.328,4008,2.451,944629,2.563,1523131,2.540,1076042,2.787,6525903,2.809,4025303,3.044,1146871,3.100,1144174,3.469,70270,3.435,1133622,3.547,2089208,3.547,1089050,3.547,2754439,3.525,4150906,3.581,4293663,3.626,2297,3.693,5622108,3.760,4644566,3.760,2292696,3.905,201416,3.995,9214444,4.095,4314501,4.342,5746,4.286,1431,4.274,401032,4.286,3601788,4.319,750830,4.364,4998182,4.398,821502,4.509,62478,4.521,3803112,4.599,3545900,4.867,666162,4.700,5208330
,!,MZ009F-4Pool-P6-C14-T24,MZ009F-4Pool-P6-C14-T24.d,Sample,,2/22/2018 3:16 PM,1.031,978892,1.165,1953788,1.165,2230121,1.266,92712,1.646,451421,1.780,371333,1.590,2579715,1.948,2829583,1.970,425820,1.959,3010522,2.183,931870,2.317,3334,2.440,964529,2.552,1453831,2.530,988508,2.787,6298335,2.798,3766884,3.044,872793,3.089,227576,3.447,56720,3.425,1005396,3.525,1936461,3.548,1034646,3.548,2585874,3.525,3615912,3.604,4364380,3.716,1537,3.693,4891707,3.749,4541941,3.772,2337025,3.895,180079,4.006,8151516,4.085,4225181,4.331,7083,4.275,932,4.264,303191,4.286,3249296,4.320,582532,4.353,4419007,4.398,698164,4.499,52336,4.521,3034314,4.599,2712769,4.868,572290,4.700,3751916
,!,MZ009F-4Pool-P6-C15-T24,MZ009F-4Pool-P6-C15-T24.d,Sample,,2/22/2018 3:22 PM,1.053,990316,1.187,2002918,1.187,2324140,1.299,88991,1.657,474785,1.791,365832,1.612,2476144,1.948,2855303,1.981,427028,1.959,2836207,2.194,1266247,2.328,1991,2.451,938475,2.563,1386645,2.541,1032255,2.798,6426702,2.809,3964659,3.055,1163038,3.100,1064255,3.469,52724,3.436,1098837,3.547,2017212,3.536,1082971,3.547,2788871,3.525,4196897,3.581,4311745,3.704,1276,3.704,5047725,3.760,4555119,3.771,2231926,3.905,186732,4.006,9285583,4.096,4578656,4.342,8824,4.286,915,4.275,325340,4.297,3389369,4.319,591369,4.364,4646340,4.398,759107,4.510,58281,4.532,3089448,4.599,2791855,4.868,577807,4.711,3714376
,!,MZ009F-4Pool-P6-C16-T24,MZ009F-4Pool-P6-C16-T24.d,Sample,,2/22/2018 3:29 PM,1.028,1013449,1.173,1972293,1.162,2365040,1.274,91949,1.643,460360,1.788,357290,1.587,2421829,1.945,2959585,1.967,414561,1.956,2839223,2.180,859918,2.482,2365,2.448,963114,2.549,1518130,2.538,1057076,2.784,6641751,2.795,4036618,3.052,1226505,3.097,1164582,3.455,66851,3.433,1154935,3.533,2148433,3.545,1164928,3.545,2902418,3.522,4059266,3.612,4767919,3.634,669,3.701,4998584,3.757,4818681,3.779,2346817,3.891,212841,4.003,9664986,4.093,5185203,4.328,5554,4.272,1242,4.261,359695,4.283,3664705,4.317,607497,4.361,5116316,4.395,835274,4.507,62827,4.529,3546718,4.596,3117651,4.876,341430,4.708,4032210
,!,MZ009F-4Pool-P6-C17-T24,MZ009F-4Pool-P6-C17-T24.d,Sample,,2/22/2018 3:35 PM,1.041,1052276,1.186,2072922,1.175,2448522,1.287,80547,1.656,498393,1.790,386878,1.611,2428429,1.947,2871303,1.981,397743,1.958,2763143,2.193,1147725,2.495,2979,2.450,961029,2.562,1417153,2.540,1023221,2.797,6815512,2.808,4165615,3.055,1238471,3.099,1117851,3.469,58992,3.435,1165937,3.536,2025499,3.536,1141249,3.547,2721120,3.524,4323009,3.580,4367417,3.681,1421,3.692,5243835,3.759,4862123,3.759,2160096,3.905,206189,4.006,9965845,4.095,4973214,4.330,8950,4.285,1429,4.274,363233,4.285,3613578,4.319,605833,4.364,5144902,4.397,828313,4.509,61342,4.531,3433790,4.598,3047871,4.867,459174,4.710,3836281
,!,MZ009F-4Pool-P6-C18-T24,MZ009F-4Pool-P6-C18-T24.d,Sample,,2/22/2018 3:42 PM,1.043,1146205,1.177,1936066,1.177,2355336,1.278,90955,1.647,494638,1.782,345892,1.591,2666063,1.949,2918824,1.972,461243,1.949,3218437,2.184,1027001,2.307,1621,2.442,920300,2.553,1551236,2.531,1100509,2.788,6471860,2.800,4015759,3.046,1185327,3.090,1167766,3.460,56142,3.426,1207590,3.527,2110983,3.549,1099329,3.549,2841018,3.527,3961570,3.605,4530472,3.639,1766,3.695,5075786,3.750,4682084,3.784,2366117,3.896,191244,4.008,8414508,4.097,4374049,4.332,7041,4.287,1213,4.265,348053,4.287,3539918,4.321,600586,4.355,4721560,4.388,751952,4.500,55037,4.522,3339752,4.589,2946249,4.869,753023,4.701,3893025
,!,MZ009F-4Pool-P6-C19-T24,MZ009F-4Pool-P6-C19-T24.d,Sample,,2/22/2018 3:48 PM,1.040,989518,1.186,1985335,1.175,2299442,1.287,82660,1.656,502051,1.790,388739,1.611,2425412,1.947,2782105,1.980,420300,1.958,2883072,2.193,1183955,2.316,3336,2.450,931927,2.562,1400693,2.540,1044610,2.797,6430341,2.808,3936352,3.043,1159927,3.099,1071422,3.468,60336,3.434,1156096,3.546,2091645,3.546,1085439,3.558,2697539,3.524,4220603,3.580,4219062,3.614,420,3.703,5163597,3.759,4632667,3.770,2326778,3.904,186498,4.005,8796954,4.095,4051317,4.341,6404,4.274,905,4.274,343430,4.296,3410184,4.318,607276,4.363,4736828,4.397,769169,4.508,55132,4.531,3236929,4.598,2902762,4.878,647802,4.710,4027497
,!,MZ009F-4Pool-P6-C20-T24,MZ009F-4Pool-P6-C20-T24.d,Sample,,2/22/2018 3:54 PM,1.044,985858,1.178,1970820,1.167,2236278,1.279,94941,1.648,497030,1.782,376219,1.592,2527313,1.950,2878697,1.972,443188,1.950,3088146,2.185,974526,2.308,2815,2.442,899505,2.554,1471370,2.531,1066892,2.789,6286669,2.800,3903761,3.046,1101461,3.091,1163944,3.449,64646,3.426,1134053,3.527,2094467,3.549,1094468,3.549,2892171,3.527,3972298,3.605,4617714,3.661,1761,3.706,5108099,3.751,4429670,3.784,2261411,3.896,179246,4.008,7101916,4.098,3057251,4.333,6363,4.265,1199,4.265,321182,4.288,3310104,4.321,580167,4.355,4429869,4.388,721071,4.500,50906,4.523,3120793,4.590,2826717,4.870,627034,4.702,3824589
,!,MZ009F-4Pool-P6-C21-T24,MZ009F-4Pool-P6-C21-T24.d,Sample,,2/22/2018 4:01 PM,1.041,976985,1.186,2067942,1.175,2376638,1.287,93754,1.656,484504,1.790,358012,1.611,2468568,1.947,2903956,1.980,431360,1.958,3036751,2.193,1306796,2.316,2299,2.450,895291,2.562,1542943,2.540,1030306,2.797,6393234,2.808,3953919,3.043,1146865,3.099,1145262,3.468,53706,3.435,1126817,3.547,2050575,3.547,1078462,3.547,2832052,3.524,4184712,3.580,4370899,3.591,1561,3.703,5145049,3.759,4471639,3.770,2103854,3.905,190285,4.005,8567514,4.095,3610370,4.341,9440,4.263,1091,4.274,326076,4.296,3280097,4.330,563129,4.363,4588058,4.397,755178,4.509,54215,4.531,3211952,4.598,2847296,4.867,733472,4.710,3846569
,!,MZ009F-4Pool-P6-C22-T24,MZ009F-4Pool-P6-C22-T24.d,Sample,,2/22/2018 4:07 PM,1.032,1014772,1.166,2035198,1.166,2325874,1.290,90820,1.648,447940,1.782,351425,1.592,2531906,1.950,2853524,1.961,439906,1.950,3072596,2.184,969303,2.464,2686,2.442,908894,2.554,1437165,2.531,1006550,2.777,6340108,2.800,3862460,3.046,1134379,3.091,1125745,3.460,59958,3.426,1155594,3.527,2032060,3.538,1094401,3.538,2810149,3.527,3959202,3.605,4474361,3.717,1419,3.695,4950368,3.751,4427582,3.773,2337295,3.885,181835,3.997,7907818,4.086,3955938,4.332,8964,4.254,1581,4.265,319209,4.276,3399931,4.310,559802,4.355,4606809,4.388,743391,4.500,56059,4.523,3130658,4.590,2843903,4.869,635856,4.702,3850565
,!,MZ009F-4Pool-P6-C23-T24,MZ009F-4Pool-P6-C23-T24.d,Sample,,2/22/2018 4:14 PM,1.053,922882,1.187,2022451,1.187,2277958,1.299,83081,1.657,491419,1.791,331354,1.601,2445220,1.948,2821565,1.981,413506,1.959,2847025,2.194,1189282,2.485,3551,2.451,955851,2.563,1443426,2.541,1030973,2.787,6612608,2.809,4053390,3.055,1215099,3.100,1091929,3.469,60563,3.436,1165882,3.536,2108906,3.536,1111280,3.547,2832579,3.525,4351226,3.581,4425272,3.738,1215,3.693,5307851,3.760,4753481,3.771,2295237,3.894,191764,4.006,9392942,4.096,4597797,4.330,6065,4.263,2096,4.275,334837,4.286,3505662,4.319,610401,4.364,4926649,4.398,784807,4.509,61674,4.521,3393137,4.599,3046786,4.867,540487,4.700,4126203
,!,MZ009F-4Pool-P6-C24-T24,MZ009F-4Pool-P6-C24-T24.d,Sample,,2/22/2018 4:20 PM,1.031,1052935,1.165,2039310,1.165,2392521,1.277,91280,1.646,380931,1.780,124899,1.590,2497655,1.948,917722,1.971,431737,1.959,3005002,2.183,881441,2.474,3790,2.440,974220,2.552,1492638,2.541,1005322,2.787,6666172,2.798,4101609,3.056,1290183,3.089,1201348,3.458,47400,3.425,1143504,3.526,2109366,3.548,1171210,3.548,2826182,3.526,3992795,3.604,4918994,3.660,444,3.693,5014692,3.749,4882506,3.772,2355799,3.895,214153,4.007,9608713,4.085,4353067,4.331,4413,4.286,1387,4.264,344276,4.286,3299328,4.320,67603,4.353,5070186,4.387,841968,4.499,60819,4.521,3555494,4.588,3206964,4.868,325061,4.700,4159813
,!,MZ009F-4Pool-P6-R17-T24,MZ009F-4Pool-P6-R17-T24.d,Sample,,2/22/2018 4:27 PM,1.041,1001205,1.186,1986438,1.186,2303266,1.287,94903,1.656,271823,1.790,76279,1.611,2391866,1.947,2935525,1.981,409887,1.969,2894413,2.193,1253157,2.495,4271,2.450,952434,2.562,1472735,2.540,1012861,2.786,6314840,2.808,3960058,3.043,1243080,3.099,1187541,3.468,38333,3.435,1055503,3.536,2012679,3.536,1131598,3.547,2628498,3.524,4096449,3.580,4199364,3.715,917,3.692,5003185,3.759,4528316,3.771,2033590,3.905,194988,4.005,9187177,4.095,4547571,4.330,5682,4.285,1650,4.274,268753,4.296,3521915,4.319,231275,4.363,4606090,4.397,784798,4.509,56504,4.531,3280300,4.598,2782352,4.867,526368,4.710,3535585
!,!,MZ009F-4Pool-P6-R19-T24,MZ009F-4Pool-P6-R19-T24.d,Sample,,2/22/2018 4:33 PM,1.030,1098814,1.164,2044282,1.164,2383539,1.276,96054,1.645,402041,1.780,151160,1.590,2675013,1.947,910040,1.970,459516,1.959,3244511,2.182,965447,2.473,3361,2.440,941685,2.552,1573483,2.540,986533,2.787,6479262,2.798,3955604,3.055,1224070,3.100,1175189,3.458,46238,3.424,1163881,3.525,2117916,3.547,1172072,3.547,2766627,3.525,3934243,3.603,4638673,,,3.693,5046321,3.749,4832365,3.782,2231925,3.894,198302,4.006,8073661,4.095,3296186,4.319,7695,4.297,1950,4.263,306106,4.286,3164162,4.308,39642,4.353,4842203,4.386,782717,4.498,59672,4.520,3413537,4.588,3016105,4.867,722386,4.699,4011365
,!,MZ009F-4Pool-P6-R21-T24,MZ009F-4Pool-P6-R21-T24.d,Sample,,2/22/2018 4:40 PM,1.053,965603,1.187,2044183,1.187,2370543,1.299,95831,1.657,405470,1.791,256707,1.601,2574432,1.948,2903964,1.981,427039,1.959,3042020,2.194,1324596,2.317,3680,2.440,967794,2.563,1509085,2.552,436372,2.787,6505711,2.809,3948448,3.044,1180112,3.100,1092827,3.469,43896,3.436,1086404,3.536,1993594,3.536,1075206,3.548,2704939,3.525,4118828,3.581,4225773,3.660,494,3.693,5306464,3.760,4520370,3.760,2411807,3.906,176754,4.006,8487243,4.096,3229993,4.331,7076,4.286,1245,4.275,280561,4.297,3267006,4.320,390359,4.364,4557317,4.398,772055,4.510,55911,4.532,3154940,4.599,2771331,4.868,646999,4.711,3972838
,!,MZ009F-4Pool-P6-R23-T24,MZ009F-4Pool-P6-R23-T24.d,Sample,,2/22/2018 4:46 PM,1.031,1090686,1.176,2078531,1.176,2423744,1.277,95419,1.646,419649,1.781,260858,1.590,2672692,1.948,2992650,1.971,440615,1.948,3140757,2.183,970778,2.463,3592,2.441,987822,2.552,1539378,2.530,996075,2.787,6653203,2.799,4041659,3.056,1184336,3.101,1194890,3.459,53265,3.425,1154980,3.526,2101691,3.548,1147335,3.548,2910699,3.526,4027309,3.615,4786682,3.884,794,3.705,5077843,3.749,4741678,3.772,2299744,3.895,201826,4.007,7550473,4.096,3416066,4.320,11668,4.275,1371,4.264,299561,4.286,3531581,4.320,451311,4.354,4699595,4.387,790773,4.499,57295,4.521,3360394,4.588,2915255,4.868,663175,4.700,3894059
,!,MZ009F-4Pool-P6-R25-T24,MZ009F-4Pool-P6-R25-T24.d,Sample,,2/22/2018 4:52 PM,1.030,1052239,1.186,2076777,1.175,2416838,1.287,97992,1.656,377032,1.790,239584,1.611,2629865,1.947,3039313,1.981,448892,1.958,3116121,2.193,1287716,2.495,2351,2.450,976929,2.562,1523887,2.540,989921,2.797,6713728,2.808,4099573,3.055,1193107,3.099,1179946,3.468,39128,3.435,1101676,3.536,2005791,3.547,1149890,3.547,2731289,3.524,4181721,3.580,4466028,3.949,934,3.692,5269914,3.759,4692733,3.770,2351496,3.905,191198,4.005,9018680,4.095,3982936,4.330,8078,4.274,1259,4.274,311994,4.296,3487322,4.330,431226,4.363,4819885,4.397,798519,4.509,60516,4.531,3379046,4.598,2922588,4.867,649034,4.710,4084371
,!,MZ009F-4Pool-P6-R27-T24,MZ009F-4Pool-P6-R27-T24.d,Sample,,2/22/2018 4:59 PM,1.043,1036816,1.177,1979299,1.177,2324777,1.278,97822,1.647,402031,1.781,204934,1.591,2545995,1.949,2973393,1.972,442149,1.949,3126385,2.184,981161,2.464,2255,2.441,934068,2.553,1494517,2.531,1009454,2.788,6471503,2.799,3962056,3.057,1178274,3.090,1163460,3.459,50240,3.426,1169572,3.538,2046137,3.549,1107893,3.549,2871715,3.538,3962171,3.605,4645990,3.661,837,3.694,5103054,3.750,4599153,3.784,2382175,3.896,186819,4.008,7613265,4.097,3720240,4.332,6751,4.265,1033,4.265,298533,4.287,3500099,4.321,421822,4.354,4604145,4.388,761979,4.500,58365,4.522,3264083,4.589,2853788,4.869,627165,4.701,3834212
,!,MZ009F-4Pool-P6-R29-T24,MZ009F-4Pool-P6-R29-T24.d,Sample,,2/22/2018 5:05 PM,1.043,970663,1.189,1967697,1.189,2248792,1.301,88804,1.659,374717,1.793,223349,1.614,2463903,1.950,2886424,1.983,432359,1.961,2976414,2.196,1230029,2.319,1770,2.442,969869,2.565,1492336,2.554,482177,2.789,6501753,2.811,3924932,3.046,1198324,3.102,1131033,3.471,43438,3.437,1131727,3.538,2040548,3.538,1087071,3.549,2654808,3.527,4014244,3.583,4183376,3.628,291,3.695,5148266,3.751,4708145,3.762,2217447,3.896,194561,3.997,9010326,4.086,4150088,4.332,7390,4.276,1333,4.265,306724,4.288,3504620,4.321,455602,4.355,4702981,4.388,784401,4.500,60079,4.523,3327510,4.590,2851364,4.869,545268,4.702,3874913
,!,MZ009F-4Pool-P6-R31-T24,MZ009F-4Pool-P6-R31-T24.d,Sample,,2/22/2018 5:12 PM,1.031,995903,1.165,2081045,1.165,2412410,1.277,90465,1.646,377265,1.781,187110,1.590,2453656,1.948,3012236,1.971,402819,1.948,2867671,2.183,839749,2.474,3583,2.441,990454,2.552,1456386,2.530,934954,2.787,6707639,2.799,4070394,3.056,1272052,3.089,1186581,3.459,40745,3.425,1174915,3.526,2121974,3.548,1158959,3.548,2854108,3.526,3997570,3.604,4758975,3.794,568,3.705,4980302,3.749,4930273,3.772,2303633,3.895,210173,4.007,9120239,4.085,4804933,4.331,4736,4.253,1881,4.264,303191,4.286,3739159,4.320,400580,4.354,4931410,4.387,833212,4.499,63158,4.521,3503714,4.588,3066227,4.868,338639,4.700,3934855
,!,MZ009F-4Pool-P6-R18-T24,MZ009F-4Pool-P6-R18-T24.d,Sample,,2/22/2018 5:18 PM,1.044,979425,1.190,2098343,1.179,2446748,1.290,90894,1.660,369343,1.794,167507,1.615,2480797,1.951,3069933,1.973,431951,1.962,2961018,2.185,1243867,2.320,1447,2.443,947429,2.566,1627829,2.543,930343,2.790,6674026,2.812,4181866,3.047,1257619,3.103,1220841,3.461,40409,3.438,1095400,3.539,2016130,3.539,1133595,3.550,2771561,3.517,4119750,3.584,4434977,3.673,334,3.696,5323831,3.763,4763170,3.763,2062136,3.897,203171,4.009,9688832,4.098,4779083,4.333,6196,4.277,1220,4.277,323240,4.289,3715755,4.322,366084,4.356,5060752,4.400,827288,4.501,63657,4.524,3644710,4.591,3092919,4.870,417976,4.703,4011713
,!,MZ009F-4Pool-P6-R20-T24,MZ009F-4Pool-P6-R20-T24.d,Sample,,2/22/2018 5:25 PM,1.021,1021618,1.166,1954133,1.166,2237154,1.267,94864,1.647,390737,1.781,221882,1.591,2476292,1.949,2883361,1.960,453193,1.949,3088408,2.184,998152,2.475,2496,2.441,929451,2.553,1510217,2.531,1005856,2.788,6109612,2.799,2749736,3.046,1130795,3.090,1130700,3.459,43982,3.426,1180455,3.527,2053853,3.549,1071950,3.549,2837602,3.527,3946964,3.616,4356564,4.120,1011,3.706,4946281,3.750,4363733,3.784,2131225,3.896,180633,4.008,7233865,4.097,3397141,4.332,8226,4.265,1341,4.265,281961,4.287,3330602,4.321,394185,4.354,4397055,4.388,729553,4.500,55944,4.522,3109459,4.589,2709087,4.869,666013,4.701,3436079
,!,MZ009F-4Pool-P6-R22-T24,MZ009F-4Pool-P6-R22-T24.d,Sample,,2/22/2018 5:31 PM,1.055,1052472,1.189,2067358,1.189,2412503,1.301,90303,1.659,432273,1.793,251318,1.614,2525306,1.950,2980721,1.983,434389,1.961,3030468,2.196,1293302,2.487,3359,2.442,910558,2.565,1490822,2.543,979715,2.789,6573075,2.811,4007351,3.046,1184611,3.102,1127757,3.471,47019,3.438,1120013,3.538,2050711,3.538,1117023,3.550,2839326,3.527,4205909,3.583,4383398,3.684,869,3.695,5055379,3.762,4602896,3.773,2367606,3.908,180348,4.008,8772773,4.098,3624432,4.333,6760,4.277,1245,4.277,295835,4.288,3442409,4.321,442250,4.366,4680108,4.400,758807,4.500,57217,4.523,3234717,4.590,2808320,4.870,619538,4.702,3961890
,!,MZ009F-4Pool-P6-R24-T24,MZ009F-4Pool-P6-R24-T24.d,Sample,,2/22/2018 5:37 PM,1.031,1008117,1.176,1995979,1.165,2313209,1.277,94814,1.646,413479,1.781,239611,1.602,2441086,1.948,2961032,1.971,454826,1.960,3066674,2.183,995816,2.318,3015,2.441,900890,2.552,1509437,2.530,1037103,2.776,6435956,2.799,3869306,3.045,1132573,3.090,1182454,3.459,42735,3.425,1200234,3.526,2117990,3.548,1154031,3.548,2827193,3.526,3958244,3.604,4719850,3.727,448,3.705,4921046,3.750,4575569,3.783,2254919,3.895,189893,4.007,7220433,4.096,3262016,4.342,12524,4.287,1541,4.264,291886,4.287,3463390,4.320,429497,4.354,4539616,4.387,736274,4.499,54964,4.521,3161861,4.589,2878035,4.868,877524,4.700,3876810
,!,MZ009F-4Pool-P6-R26-T24,MZ009F-4Pool-P6-R26-T24.d,Sample,,2/22/2018 5:44 PM,1.043,988374,1.188,2012446,1.177,2326745,1.289,86019,1.658,399812,1.792,232034,1.613,2430634,1.949,2891322,1.983,434385,1.960,2940873,2.195,1256278,2.318,3781,2.452,876712,2.564,1477705,2.542,902068,2.788,6300654,2.810,3903670,3.045,1100368,3.101,1114921,3.459,43989,3.437,1084444,3.538,1979918,3.538,1082604,3.549,2709796,3.526,4126634,3.582,4244037,3.717,423,3.705,5025393,3.761,4442523,3.773,2238143,3.907,187271,4.007,8747690,4.097,4125555,4.332,7906,4.645,1232,4.276,306383,4.287,3427818,4.321,442640,4.354,4661775,4.399,761746,4.500,56611,4.522,3305381,4.589,2909299,4.869,500042,4.701,3972557
,!,MZ009F-4Pool-P6-R28-T24,MZ009F-4Pool-P6-R28-T24.d,Sample,,2/22/2018 5:50 PM,1.031,1023288,1.176,1992787,1.165,2339418,1.277,92410,1.646,408909,1.780,244770,1.590,2508273,1.948,2902780,1.970,436519,1.959,3002710,2.183,928981,2.306,2107,2.440,946459,2.552,1470759,2.541,943402,2.787,6545433,2.798,3931372,3.055,1184484,3.089,1107022,3.458,38160,3.425,1210260,3.525,2067668,3.548,1124091,3.548,2846732,3.525,3994315,3.604,4631079,3.637,1335,3.693,4888347,3.749,4637686,3.783,2351684,3.894,196350,4.006,7655688,4.096,3557412,4.331,9343,4.297,1587,4.264,306256,4.286,3453066,4.320,444284,4.353,4682905,4.387,758859,4.499,52438,4.521,3256115,4.599,2857582,4.868,775147,4.700,3942550
,!,MZ009F-4Pool-P6-R30-T24,MZ009F-4Pool-P6-R30-T24.d,Sample,,2/22/2018 5:57 PM,1.042,938175,1.188,2098093,1.188,2434318,1.288,100432,1.657,397019,1.792,217439,1.613,2394154,1.948,3058400,1.982,437725,1.960,3023586,2.194,1283177,2.485,3615,2.441,924396,2.564,1701278,2.541,1058307,2.787,6608119,2.810,4044200,3.045,1282404,3.101,1176386,3.470,52505,3.436,1108959,3.537,2057377,3.548,1120270,3.548,2681117,3.526,4085373,3.582,4263765,4.096,384,3.693,5234952,3.761,4797554,3.761,2217349,3.895,206784,3.996,8984418,4.096,4028304,4.331,6991,4.264,1210,4.264,360964,4.286,3578204,4.320,445343,4.354,5023649,4.398,827493,4.499,63122,4.521,3902851,4.588,3534871,4.868,639310,4.700,5101019
,!,MZ009F-4Pool-P6-R32-T24,MZ009F-4Pool-P6-R32-T24.d,Sample,,2/22/2018 6:03 PM,1.042,957410,1.177,1887866,1.177,2179243,1.288,83866,1.646,321724,1.781,122307,1.590,2319593,1.948,2746540,1.971,384212,1.948,2656784,2.183,799288,2.474,2832,2.441,1009976,2.553,1325647,2.530,838694,2.787,6459699,2.799,3855407,3.045,1193985,3.089,1104775,3.459,42500,3.425,1167734,3.526,2099416,3.548,1128696,3.548,2831346,3.526,3915401,3.604,4705071,3.738,547,3.705,4816239,3.749,4822687,3.783,2354527,3.895,198359,4.007,8831328,4.096,4601771,4.331,4261,4.175,518,4.264,266451,4.286,3611518,4.320,295959,4.354,4685220,4.387,785852,4.499,57080,4.521,3301377,4.589,2738510,4.868,282281,4.700,3777611
,!,MZ009F-4Pool-P6-C25-T24,MZ009F-4Pool-P6-C25-T24.d,Sample,,2/22/2018 6:10 PM,1.043,881063,1.188,1881185,1.188,2086610,1.289,86859,1.658,320754,1.792,109904,1.613,2746155,1.949,2713070,1.983,505278,1.960,3443295,2.195,1452482,2.486,1889,2.441,907703,2.564,1480135,2.542,887017,2.788,5615052,2.810,3562529,3.045,1092590,3.101,1030839,3.470,42285,3.437,1058871,3.538,1968064,3.538,950688,3.549,2501834,3.526,3699562,3.582,3585373,4.097,411,3.694,4785108,3.750,4073273,3.761,2324767,3.896,168310,3.996,8025784,4.086,3762546,4.332,6401,4.589,371,4.265,242143,4.287,3005093,4.321,261419,4.354,4114369,4.388,706734,4.500,53614,4.522,2850910,4.589,2409033,4.869,463540,4.701,3905587
,!,MZ009F-4Pool-P6-C26-T24,MZ009F-4Pool-P6-C26-T24.d,Sample,,2/22/2018 6:16 PM,1.042,1007252,1.176,1992850,1.176,2281057,1.277,94855,1.646,431072,1.780,242835,1.590,2543516,1.948,2938245,1.971,452722,1.959,3091481,2.183,990800,2.317,1550,2.440,911255,2.552,1362936,2.530,1001276,2.776,6408775,2.798,3839351,3.044,1191882,3.089,1115197,3.458,50936,3.425,1174192,3.526,2074716,3.548,1072637,3.548,2803604,3.526,3890745,3.604,4408822,3.727,614,3.693,4788032,3.749,4618040,3.772,2169419,3.895,184243,4.007,7886237,4.085,4012711,4.331,12554,4.264,507,4.264,274687,4.286,3445436,4.320,455817,4.353,4573526,4.387,748675,4.499,53709,4.521,3065130,4.588,2641345,4.868,718958,4.700,3440635
,!,MZ009F-4Pool-P6-C27-T24,MZ009F-4Pool-P6-C27-T24.d,Sample,,2/22/2018 6:23 PM,1.044,1030257,1.189,1986036,1.178,2341508,1.290,94699,1.659,428877,1.794,329884,1.603,2426647,1.950,2878789,1.984,411443,1.961,2931454,2.196,1247367,2.331,3327,2.442,923638,2.566,1354876,2.543,1030613,2.789,6317375,2.812,3808643,3.047,1165499,3.102,1050658,3.472,53368,3.438,1088874,3.539,1997608,3.539,1084633,3.550,2805003,3.528,4159560,3.584,4208341,3.617,2015,3.695,4988330,3.763,4457641,3.774,2235873,3.908,181904,3.997,8785496,4.098,4078444,4.333,8561,4.266,861,4.266,285953,4.288,3326644,4.322,512882,4.355,4522482,4.400,763626,4.501,55958,4.523,3055164,4.590,2681987,4.870,580040,4.702,3510727
,!,MZ009F-4Pool-P6-C28-T24,MZ009F-4Pool-P6-C28-T24.d,Sample,,2/22/2018 6:29 PM,1.032,1081430,1.166,1948121,1.166,2326631,1.278,94744,1.647,465279,1.781,375798,1.591,2541266,1.949,2912212,1.971,437345,1.949,2995162,2.184,941094,2.475,3328,2.441,920192,2.553,1450678,2.531,1089714,2.788,6512105,2.799,2594645,3.057,1120289,3.090,1135392,3.459,69967,3.426,1173366,3.526,2075602,3.538,1104192,3.538,2857169,3.526,3997360,3.605,4703619,3.750,865,3.705,5152877,3.750,4583508,3.784,2280324,3.896,194897,4.007,7626162,4.097,3597392,4.332,7411,4.265,1140,4.265,321237,4.287,3456393,4.321,580047,4.354,4679855,4.388,776689,4.500,57994,4.522,3225747,4.589,2908701,4.869,487316,4.701,3693573
,!,MZ009F-4Pool-P6-C29-T24,MZ009F-4Pool-P6-C29-T24.d,Sample,,2/22/2018 6:35 PM,1.031,997654,1.187,2039394,1.176,2360125,1.288,90088,1.657,461840,1.791,365453,1.612,2515625,1.948,2942419,1.981,443771,1.959,3020614,2.194,1239566,2.496,3076,2.451,961481,2.563,1473909,2.541,1027026,2.787,6524161,2.809,3946988,3.044,1151488,3.100,1082109,3.469,57962,3.436,1137445,3.536,2009961,3.548,1079269,3.548,2692570,3.525,4043519,3.581,4269627,3.715,714,3.693,5123784,3.760,4607312,3.760,2233705,3.894,193959,3.995,9037653,4.096,4243415,4.331,6879,4.275,1411,4.264,322736,4.286,3416904,4.319,607584,4.353,4792664,4.398,786109,4.498,57461,4.521,3328809,4.588,2952662,4.868,574912,4.700,3960033
,!,MZ009F-4Pool-P6-C30-T24,MZ009F-4Pool-P6-C30-T24.d,Sample,,2/22/2018 6:42 PM,1.039,961513,1.173,1943366,1.173,2220841,1.285,93707,1.654,448372,1.788,388291,1.598,2416560,1.945,2856593,1.967,420683,1.956,2914144,2.180,938604,2.471,1835,2.437,912235,2.549,1459474,2.538,940943,2.784,6204603,2.795,3793452,3.052,1099229,3.097,1083219,3.455,55341,3.433,1175789,3.533,2073560,3.545,1077357,3.545,2889053,3.533,3978218,3.612,4400670,3.634,1671,3.701,5030589,3.757,4406015,3.780,2257849,3.891,188741,4.003,7811065,4.093,4116783,4.339,8394,4.272,1641,4.261,314744,4.283,3417936,4.317,585388,4.361,4456657,4.395,743936,4.507,53812,4.529,3096442,4.596,2774491,4.876,550747,4.708,3726915
,!,MZ009F-4Pool-P6-C31-T24,MZ009F-4Pool-P6-C31-T24.d,Sample,,2/22/2018 6:48 PM,1.041,870511,1.186,1987685,1.175,2271387,1.298,95326,1.656,429693,1.790,296670,1.611,2404065,1.947,2935323,1.981,431242,1.958,2882308,2.193,1207453,2.484,3932,2.450,914704,2.562,1412346,2.540,999904,2.797,6225318,2.808,3836550,3.055,1131265,3.110,1036575,3.468,51476,3.435,1112323,3.547,2050180,3.547,1025805,3.547,2663867,3.524,4015866,3.580,3995620,3.592,298,3.692,5025114,3.759,4509331,3.771,2041873,3.905,179791,4.005,8846559,4.095,4247686,4.330,6260,4.464,710,4.274,303000,4.285,3330380,4.319,516395,4.363,4591592,4.397,748611,4.498,54136,4.531,3178405,4.598,2728053,4.867,455058,4.699,3634264
,!,MZ009F-4Pool-P6-C32-T24,MZ009F-4Pool-P6-C32-T24.d,Sample,,2/22/2018 6:55 PM,1.030,935102,1.164,2079842,1.164,2425699,1.265,94333,1.645,445212,1.780,310498,1.589,2391127,1.947,3025875,1.970,410573,1.959,2906491,2.182,851102,2.317,2266,2.440,929458,2.552,1517349,2.529,985933,2.786,6668740,2.798,4059734,3.055,1224530,3.088,1195495,3.458,51423,3.424,1199730,3.525,2139907,3.547,1120248,3.547,2778318,3.525,3926973,3.614,4680857,3.637,1405,3.704,5027936,3.749,4866810,3.782,2250114,3.894,200875,4.006,8788250,4.095,4569420,4.330,3703,4.252,2084,4.263,325367,4.286,3636438,4.319,547729,4.353,4873502,4.386,794839,4.498,60673,4.520,3449962,4.588,3035529,4.867,265409,4.699,3806556
,!,MZ009F-4Pool-P6-C33-T24,MZ009F-4Pool-P6-C33-T24.d,Sample,,2/22/2018 7:01 PM,1.043,915860,1.189,1972871,1.189,2204837,1.290,93247,1.659,425216,1.793,286434,1.614,2612154,1.950,2842643,1.983,457166,1.961,3186432,2.196,1306018,2.487,3554,2.442,907342,2.565,1477846,2.543,992864,2.789,6164657,2.811,3844789,3.046,1131015,3.102,1067067,3.471,59190,3.438,1122710,3.538,1991797,3.538,1029353,3.549,2583469,3.527,3872072,3.583,3941177,3.639,1263,3.695,4835399,3.762,4464786,3.762,2214375,3.896,182238,3.997,8916447,4.086,4545172,4.332,4931,4.299,615,4.265,315265,4.288,3363002,4.321,519557,4.355,4564304,4.400,751023,4.500,55836,4.523,3278745,4.590,2848461,4.869,399354,4.702,3802262
,!,MZ009F-4Pool-P6-C34-T24,MZ009F-4Pool-P6-C34-T24.d,Sample,,2/22/2018 7:08 PM,1.031,1045981,1.177,2014622,1.165,2302858,1.288,92987,1.646,470912,1.781,342683,1.590,2567772,1.948,2904602,1.971,450599,1.948,3204157,2.183,961531,2.485,3303,2.441,888397,2.553,1403278,2.530,1035667,2.787,6368965,2.799,3850131,3.056,1172299,3.089,1096458,3.459,54096,3.425,1185730,3.526,2082823,3.548,1078042,3.548,2774143,3.526,3871842,3.615,4323622,3.738,449,3.694,4834881,3.750,4631278,3.783,2306826,3.895,190370,4.007,8127676,4.085,4183004,4.331,6972,4.298,1422,4.264,296107,4.275,3468076,4.320,524647,4.354,4504294,4.387,763156,4.499,53617,4.521,3124433,4.589,2788632,4.868,466721,4.700,3668781
,!,MZ009F-4Pool-P6-C35-T24,MZ009F-4Pool-P6-C35-T24.d,Sample,,2/22/2018 7:14 PM,1.041,1013133,1.175,2014499,1.175,2291652,1.287,85162,1.656,472945,1.790,387328,1.611,2391385,1.947,2873117,1.981,422080,1.958,2917881,2.193,1203585,2.484,2978,2.451,943313,2.562,1368910,2.551,406213,2.797,6310231,2.808,3832342,3.055,1165168,3.099,1042195,3.469,56665,3.435,1109503,3.547,2028601,3.547,1052875,3.547,2652801,3.524,4068044,3.580,3986631,3.715,645,3.692,5020725,3.759,4594631,3.771,2202153,3.905,177777,3.994,8397110,4.095,3239003,4.330,9984,4.285,1393,4.274,299258,4.285,3313782,4.319,594799,4.363,4641977,4.397,757191,4.509,55166,4.531,3183483,4.598,2734918,4.867,526923,4.710,3747768
,!,MZ009F-4Pool-P6-C36-T24,MZ009F-4Pool-P6-C36-T24.d,Sample,,2/22/2018 7:21 PM,1.030,940537,1.164,1968529,1.164,2246792,1.276,93663,1.645,456978,1.780,370435,1.601,2368479,1.948,2857153,1.970,426713,1.959,2997292,2.182,934640,2.305,2513,2.440,917200,2.552,1448959,2.529,992985,2.787,6226460,2.798,3764833,3.055,1116857,3.089,1127896,3.458,49178,3.435,1175110,3.525,2097384,3.547,1082566,3.547,2687143,3.536,3773203,3.603,4530912,3.659,1094,3.693,4832427,3.749,4615238,3.782,2154204,3.894,184825,4.006,7397643,4.095,3745878,4.330,8789,4.274,1387,4.263,318642,4.286,3439056,4.319,608660,4.353,4569089,4.386,729483,4.498,55353,4.520,3248734,4.588,2814720,4.867,627079,4.699,3756260
,!,MZ009F-4Pool-P6-C37-T24,MZ009F-4Pool-P6-C37-T24.d,Sample,,2/22/2018 7:27 PM,1.031,958859,1.187,2013190,1.176,2279562,1.277,90728,1.657,468943,1.791,411320,1.612,2376212,1.948,2946101,1.981,436424,1.959,3039217,2.194,1235856,2.328,2756,2.451,894613,2.563,1477321,2.541,432490,2.787,6361072,2.809,3951816,3.055,1131761,3.100,1091424,3.469,52399,3.436,1091285,3.536,2051461,3.536,1064339,3.548,2616358,3.525,4015439,3.581,4095909,3.738,951,3.693,4948561,3.760,4539682,3.771,2165490,3.906,190669,4.006,8754820,4.096,4028018,4.331,7718,4.275,1928,4.275,330910,4.297,3366563,4.331,617659,4.364,4718302,4.398,738919,4.510,56724,4.532,3279792,4.599,2849596,4.868,499998,4.711,3747615
,!,MZ009F-4Pool-P6-C38-T24,MZ009F-4Pool-P6-C38-T24.d,Sample,,2/22/2018 7:33 PM,1.040,916969,1.175,2002174,1.175,2316376,1.275,93721,1.644,463762,1.779,346060,1.600,2449005,1.947,2890594,1.969,431079,1.958,3041052,2.181,955566,2.472,2690,2.439,938884,2.551,1439112,2.539,981946,2.786,6279189,2.797,3866311,3.054,1136987,3.088,1118466,3.457,46062,3.434,1178022,3.535,2126506,3.546,1088955,3.546,2822445,3.535,3945491,3.613,4434505,3.434,556,3.703,4757093,3.759,4624326,3.781,2234040,3.893,185786,4.005,7883953,4.094,4051566,4.340,8265,4.273,901,4.262,326020,4.285,3458016,4.318,560727,4.352,4626952,4.396,752195,4.508,57053,4.519,3202117,4.598,2844206,4.878,463883,4.698,3638423
,!,MZ009F-4Pool-P6-C39-T24,MZ009F-4Pool-P6-C39-T24.d,Sample,,2/22/2018 7:40 PM,1.044,986659,1.190,2010987,1.178,2314020,1.290,91509,1.659,479307,1.794,340746,1.615,2243028,1.950,2883339,1.984,414588,1.961,2847649,2.196,1186357,2.319,5212,2.443,931697,2.566,1343604,2.543,1000137,2.789,6391498,2.812,3918952,3.047,1179192,3.103,1057333,3.472,55457,3.438,1126395,3.539,2036383,3.539,1075013,3.550,2617128,3.528,4007684,3.584,4103029,3.729,1648,3.695,4883310,3.763,4683573,3.763,2154528,3.908,187703,3.998,9230847,4.087,4663555,4.333,6765,4.277,1876,4.266,321327,4.288,3425764,4.322,578411,4.355,4695191,4.389,765589,4.501,57300,4.523,3286778,4.590,2818788,4.870,431766,4.702,3488973
,!,MZ009F-4Pool-P6-C40-T24,MZ009F-4Pool-P6-C40-T24.d,Sample,,2/22/2018 7:46 PM,1.043,953128,1.177,1906120,1.166,2172109,1.278,80040,1.647,480420,1.781,419708,1.591,2178627,1.949,2638180,1.972,360910,1.949,2538661,2.184,763297,2.475,3648,2.441,992627,2.553,1241480,2.531,981354,2.788,6319250,2.799,3731272,3.046,1182622,3.090,1073962,3.459,58287,3.426,1177891,3.527,2133004,3.549,1093156,3.549,2818304,3.527,4013104,3.605,4512592,3.940,392,3.694,4945673,3.750,4816129,3.784,2218055,3.896,192671,4.008,8864643,4.086,4772436,4.332,2880,4.254,756,4.265,348721,4.287,3521727,4.321,621242,4.354,4774994,4.388,788548,4.500,61761,4.522,3359589,4.589,2961648,4.869,253804,4.701,3697282
,!,MZ009F-4Pool-P6-C41-T24,MZ009F-4Pool-P6-C41-T24.d,Sample,,2/22/2018 7:53 PM,1.045,859371,1.191,2050322,1.191,2267368,1.303,95238,1.661,450124,1.795,325452,1.605,2306225,1.951,2878656,1.974,402148,1.963,2782873,2.186,1128905,2.488,3219,2.444,908807,2.567,1492523,2.533,1071721,2.790,6417042,2.813,3970009,3.048,1191452,3.104,1074573,3.473,62504,3.439,1109421,3.540,2068654,3.540,1091800,3.551,2737517,3.529,4101727,3.585,4078967,3.719,599,3.697,5028866,3.764,4683187,3.775,1946461,3.898,195176,4.010,9307268,4.099,4546243,4.345,4119,4.278,1966,4.278,332038,4.290,3479373,4.323,558304,4.368,4866183,4.401,806783,4.502,58362,4.524,3411810,4.592,3001939,4.871,314536,4.703,3701621
,!,MZ009F-4Pool-P6-C42-T24,MZ009F-4Pool-P6-C42-T24.d,Sample,,2/22/2018 7:59 PM,1.031,1069842,1.165,2012970,1.165,2271230,1.266,89968,1.646,443164,1.781,334888,1.602,2473530,1.948,2869934,1.971,445001,1.960,3104583,2.183,959603,2.306,2637,2.441,896431,2.553,1363154,2.530,1056015,2.787,6280841,2.799,3779711,3.045,1156873,3.101,1100783,3.459,61275,3.425,1191283,3.526,2115531,3.548,1062612,3.548,2795202,3.526,3909496,3.615,4311124,3.738,1049,3.694,4911336,3.750,4588074,3.772,2212656,3.895,189851,4.007,7167754,4.085,3492623,4.331,7559,4.275,1115,4.264,303065,4.287,3369783,4.320,546739,4.354,4549910,4.387,733628,4.499,55025,4.521,3172667,4.589,2747742,4.868,438848,4.700,3466172
,!,MZ009F-4Pool-P6-C43-T24,MZ009F-4Pool-P6-C43-T24.d,Sample,,2/22/2018 8:06 PM,1.032,1026133,1.177,1995320,1.177,2283159,1.289,87066,1.658,466868,1.792,361346,1.613,2381607,1.949,2898089,1.983,422343,1.960,2962523,2.195,1175323,2.486,2168,2.452,879033,2.564,1363573,2.542,1039553,2.788,6348560,2.810,3836267,3.045,1187899,3.101,1047628,3.470,60681,3.437,1126665,3.538,2035732,3.538,1066305,3.549,2578504,3.526,3943583,3.582,4021185,3.717,932,3.694,4988079,3.761,4554461,3.761,2180402,3.907,189460,4.007,8514072,4.097,3574449,4.343,9056,4.265,2063,4.276,308072,4.287,3309877,4.321,589041,4.365,4557327,4.399,750886,4.511,56274,4.533,3200537,4.600,2704762,4.869,447429,4.712,3648337
,!,MZ009F-4Pool-P6-C44-T24,MZ009F-4Pool-P6-C44-T24.d,Sample,,2/22/2018 8:12 PM,1.042,954277,1.176,1996026,1.176,2261255,1.277,95094,1.646,467114,1.780,400495,1.601,2423484,1.948,2928035,1.970,437690,1.959,3028795,2.183,936944,2.317,3287,2.440,891000,2.552,1519965,2.530,1000576,2.787,6308209,2.798,3885231,3.055,1132570,3.100,1153313,3.469,63210,3.425,1160282,3.525,2112013,3.548,1075245,3.548,2745409,3.525,3851355,3.604,4386734,3.715,710,3.693,4944685,3.749,4652182,3.783,2157695,3.894,187323,4.006,7862246,4.085,3956830,4.320,6215,4.252,1310,4.264,327006,4.286,3387200,4.320,589702,4.353,4624464,4.387,753291,4.510,59669,4.521,3225684,4.588,2854595,4.868,442360,4.700,3619455
,!,MZ009F-4Pool-P6-C45-T24,MZ009F-4Pool-P6-C45-T24.d,Sample,,2/22/2018 8:19 PM,1.040,901193,1.186,2003417,1.186,2210386,1.287,87568,1.656,462767,1.790,411334,1.622,2328856,1.947,2849709,1.980,415913,1.969,2909023,2.193,1176527,2.484,3356,2.450,933381,2.562,1403285,2.539,1049556,2.797,6238469,2.808,3853978,3.054,1103733,3.099,1044301,3.468,63991,3.434,1121213,3.546,2026589,3.546,1042259,3.546,2723641,3.524,4076316,3.580,4055274,3.625,1085,3.703,4923970,3.759,4455787,3.770,2079513,3.904,188968,4.005,8470107,4.094,3690680,4.329,6675,4.296,1451,4.273,339881,4.296,3339355,4.329,627163,4.363,4551120,4.396,759538,4.508,56670,4.531,3190074,4.598,2799950,4.866,443860,4.710,3651913
,!,MZ009F-4Pool-P6-C46-T24,MZ009F-4Pool-P6-C46-T24.d,Sample,,2/22/2018 8:25 PM,1.030,957710,1.175,2022862,1.164,2292717,1.276,97621,1.645,475113,1.780,351778,1.601,2403293,1.947,2896671,1.970,430825,1.959,3005430,2.182,918987,2.473,3032,2.440,924766,2.551,1446120,2.540,924461,2.786,6368910,2.798,3799066,3.055,1166603,3.088,1100526,3.458,51177,3.424,1162402,3.525,2096541,3.547,1079703,3.547,2754613,3.525,3848864,3.603,4446203,3.704,1166,3.693,4907885,3.748,4602627,3.782,2158846,3.894,194109,4.006,7503006,4.095,3663178,4.330,11896,4.263,738,4.263,327696,4.285,3471124,4.319,564729,4.353,4634040,4.397,744510,4.498,57864,4.520,3182856,4.587,2805085,4.867,407645,4.699,3576753
,!,MZ009F-4Pool-P6-C47-T24,MZ009F-4Pool-P6-C47-T24.d,Sample,,2/22/2018 8:31 PM,1.053,967114,1.187,1945233,1.187,2203292,1.299,84819,1.657,438449,1.791,296566,1.612,2360318,1.948,2773693,1.981,413064,1.959,2887074,2.194,1180600,2.485,3944,2.451,984954,2.563,1398100,2.541,976621,2.787,6348097,2.809,3799757,3.044,1184880,3.100,1073326,3.469,46122,3.436,1120827,3.536,2046517,3.536,1062441,3.548,2668006,3.525,4049412,3.581,4183951,3.738,1462,3.693,5324687,3.760,4607542,3.771,2146881,3.905,190663,4.006,8684808,4.096,3919138,4.342,5636,4.286,1317,4.275,317536,4.297,3442750,4.319,529754,4.364,4771175,4.398,778704,4.510,58577,4.532,3305232,4.599,2761369,4.868,219381,4.711,3593861
,!,MZ009F-4Pool-P6-C48-T24,MZ009F-4Pool-P6-C48-T24.d,Sample,,2/22/2018 8:38 PM,1.031,911824,1.165,2047971,1.165,2349458,1.266,91893,1.646,306588,1.780,131890,1.590,2399613,1.948,2942515,1.971,406743,1.948,2870482,2.183,823273,2.474,3503,2.440,981229,2.552,1468140,2.530,1005580,2.787,6510397,2.798,3924267,3.056,1251341,3.089,1176947,3.459,45383,3.436,1152228,3.526,2115909,3.548,1100995,3.548,2770576,3.526,3908387,3.604,4645952,3.940,313,3.693,4936466,3.749,4819765,3.783,2257180,3.895,208679,4.007,9071388,4.085,4843060,4.331,3811,4.264,1006,4.264,306733,4.286,3776564,4.320,366926,4.353,4863753,4.387,814471,4.499,64338,4.521,3474185,4.588,3009066,4.868,129304,4.700,3870938
,!,MZ009F-4Pool-P6-K01-T24,MZ009F-4Pool-P6-K01-T24.d,Sample,,2/22/2018 8:44 PM,1.052,843965,1.186,2223069,1.186,2519466,1.276,67107,1.656,1464631,1.779,4964298,1.611,2417359,1.947,3279483,1.981,457541,1.969,3344974,2.193,1362635,2.327,1463484,2.451,747001,2.562,1722290,2.540,1973749,2.797,7138771,2.808,4394560,3.055,2305369,3.099,1264881,3.469,286571,3.435,1566563,3.536,2322003,3.536,1172843,3.547,3592452,3.524,5179440,3.580,4868149,3.625,5363161,3.692,6838662,3.759,5220471,3.771,2111202,3.905,211049,4.005,10226836,4.095,5005505,4.151,349354,4.330,1120602,4.274,439179,4.296,3298225,4.330,4256625,4.363,4985643,4.397,824813,4.509,63342,4.531,3470615,4.598,3337020,4.710,2479714,4.710,3516079
,!,MZ009F-4Pool-P6-K02-T24,MZ009F-4Pool-P6-K02-T24.d,Sample,,2/22/2018 8:51 PM,1.030,1085412,1.164,2016733,1.164,2363998,1.288,69840,1.646,1375724,1.780,4651063,1.601,2445812,1.948,3037100,1.970,492029,1.948,3520429,2.183,1137660,2.317,1553582,2.440,728220,2.552,1484810,2.529,2034158,2.787,6647870,2.798,4045437,3.044,2219125,3.089,1288618,3.458,288063,3.435,1631089,3.525,2389738,3.547,1156645,3.547,3721415,3.525,4884211,3.603,5011821,3.626,5045653,3.693,6459040,3.749,5043396,3.782,2225909,3.894,189952,4.006,7793988,4.084,3753085,4.140,396941,4.297,1133459,4.263,435591,4.286,3161680,4.319,4295984,4.353,4665741,4.386,756661,4.498,56608,4.521,3307512,4.588,3136291,4.700,2621533,4.700,3391212
,!,MZ009F-4Pool-P6-K03-T24,MZ009F-4Pool-P6-K03-T24.d,Sample,,2/22/2018 8:57 PM,1.053,1076139,1.187,2099458,1.187,2413277,1.299,62765,1.657,1425136,1.780,4833652,1.612,2432410,1.948,3195468,1.982,479194,1.959,3428918,2.194,1432273,2.328,1545270,2.451,722851,2.563,1611372,2.541,2007809,2.798,6836865,2.809,4262509,3.055,2259997,3.100,1230452,3.469,321891,3.436,1511341,3.548,2299484,3.548,1154692,3.548,3521122,3.525,5097615,3.581,4878426,3.626,5387993,3.693,6502684,3.760,5018344,3.771,2340690,3.906,201771,4.006,9380925,4.096,4203950,4.152,408738,4.331,1282015,4.275,452510,4.286,3142289,4.320,4374796,4.364,4713770,4.398,788727,4.499,61018,4.521,3323601,4.599,3268176,4.711,2918385,4.711,3524687
,!,MZ009F-4Pool-P6-K04-T24,MZ009F-4Pool-P6-K04-T24.d,Sample,,2/22/2018 9:04 PM,1.031,1110843,1.176,2093130,1.176,2437078,1.288,69042,1.646,1407962,1.781,4805636,1.590,2561103,1.948,3116024,1.971,485834,1.948,3402068,2.183,1121527,2.318,1569072,2.441,736814,2.553,1710160,2.530,2054143,2.787,6974840,2.799,4248491,3.045,2280523,3.101,1323143,3.459,301074,3.425,1668282,3.526,2404431,3.548,1197263,3.548,3781265,3.526,4980489,3.604,5357499,3.638,5271485,3.705,6658452,3.750,5101701,3.783,2316128,3.895,212210,4.007,8999889,4.096,4667377,4.152,406033,4.298,1398980,4.264,475831,4.287,3217206,4.320,4511509,4.354,4860680,4.387,781795,4.510,63101,4.521,3480601,4.589,3475118,4.700,3331675,4.700,3581514
,!,MZ009F-4Pool-P6-K05-T24,MZ009F-4Pool-P6-K05-T24.d,Sample,,2/22/2018 9:10 PM,1.032,935502,1.188,2145583,1.177,2475269,1.289,67372,1.658,1421902,1.781,4845428,1.613,2460532,1.949,3195000,1.982,477962,1.960,3414837,2.195,1432253,2.329,1549359,2.452,711272,2.564,1812610,2.542,2033247,2.799,6894909,2.810,4321115,3.045,2267245,3.101,1254443,3.470,303369,3.437,1532215,3.537,2342154,3.537,1175788,3.549,3555316,3.526,5212685,3.582,5028603,3.627,5463411,3.705,6726125,3.761,5048208,3.772,2244081,3.907,211917,4.007,9409738,4.097,4289061,4.153,419995,4.332,1524621,4.276,496472,4.298,3143950,4.321,4432030,4.365,4902879,4.399,766274,4.511,61799,4.533,3537819,4.600,3512410,4.712,3560417,4.712,3736268
,!,MZ009F-4Pool-P6-K06-T24,MZ009F-4Pool-P6-K06-T24.d,Sample,,2/22/2018 9:17 PM,1.030,839937,1.175,1348264,1.164,2348659,1.265,68158,1.645,1340807,1.779,4456833,1.600,2473724,1.947,3024106,1.970,470061,1.958,3407286,2.182,1122802,2.316,1615846,2.451,692990,2.551,1667597,2.529,2037440,2.786,6500839,2.797,4091826,3.055,2138520,3.099,1279575,3.457,271486,3.424,1599709,3.525,2456383,3.547,1140559,3.547,3797183,3.525,4842630,3.614,5034898,3.636,5046158,3.704,6316002,3.759,4876600,3.782,2267999,3.905,190942,4.006,7415607,4.095,3599920,4.151,349666,4.296,1455622,4.263,454009,4.285,3000390,4.319,4214477,4.364,4532918,4.397,707009,4.509,55548,4.531,3307567,4.598,3224879,4.699,3452960,4.710,3546660
,!,MZ009F-4Pool-P6-K07-T24,MZ009F-4Pool-P6-K07-T24.d,Sample,,2/22/2018 9:23 PM,1.041,800263,1.187,2193732,1.187,2443267,1.288,65713,1.657,1439844,1.780,4809292,1.612,2449866,1.948,3182514,1.981,474701,1.959,3438077,2.194,1409137,2.328,1583717,2.451,699122,2.563,1769427,2.540,2050876,2.798,6812306,2.809,4307278,3.044,2308425,3.100,1257272,3.469,325493,3.435,1497140,3.536,2301899,3.536,1143450,3.547,3497388,3.525,5098789,3.581,4955728,3.626,5375894,3.693,6629130,3.760,5062643,3.771,2275497,3.905,210888,4.006,9599098,4.095,4561246,4.151,290612,4.330,1621053,4.274,508619,4.297,3138683,4.330,4281911,4.364,4846912,4.397,777924,4.509,59555,4.532,3507104,4.599,3524596,4.711,3828717,4.711,3725092
,!,MZ009F-4Pool-P6-K08-T24,MZ009F-4Pool-P6-K08-T24.d,Sample,,2/22/2018 9:29 PM,1.031,864595,1.177,1500305,1.177,2699263,1.288,71704,1.646,1497081,1.770,5283244,1.602,2560815,1.949,3298286,1.971,456725,1.949,3373978,2.183,1022243,2.318,1684435,2.452,706714,2.553,1885841,2.530,2139262,2.776,7523665,2.799,4564344,3.045,2422476,3.090,1369750,3.459,345803,3.425,1597158,3.526,2432266,3.537,1289665,3.548,3821571,3.526,5163780,3.604,5708406,3.627,5358531,3.694,6675097,3.750,5525430,3.783,2527765,3.895,246453,4.007,10291900,4.096,5397068,4.152,100545,4.298,1751160,4.264,546597,4.287,3341685,4.320,4673551,4.365,5404793,4.398,866520,4.499,64371,4.533,3929016,4.600,3937458,4.700,4369114,4.700,3914628
